{
  "val_loss": [
    15.301897678932134,
    15.088710158410734,
    14.868212205650163,
    14.644684871617894,
    14.48356381646038,
    14.285567158330096,
    14.190792644110909,
    14.100167079563558,
    14.051934238767972,
    14.029026644073264,
    13.972422105552507,
    13.9664681636504,
    13.93406541504129,
    13.889922232523451,
    13.87707072278879,
    13.851704193727814,
    13.83708848396357,
    13.786796033817486,
    13.805246923961779,
    13.806655104142907
  ],
  "val_crf_ner_loss": [
    10.182450364105893,
    10.042704025324245,
    9.94457231994963,
    9.838034796888811,
    9.733082833951407,
    9.62895664333427,
    9.552197621686615,
    9.497426730872942,
    9.458889895111975,
    9.425868076129552,
    9.398135232229302,
    9.375703832528886,
    9.349364701848831,
    9.325161039394184,
    9.302793358364244,
    9.281905269970858,
    9.260113730047742,
    9.23925695280089,
    9.218766731067296,
    9.205200129181799
  ],
  "val_crf_term_loss": [
    4.664121624327054,
    4.624338203973144,
    4.530394581112549,
    4.464446843975652,
    4.437290826853174,
    4.376269838235674,
    4.374607987647509,
    4.346293905355634,
    4.336595517875504,
    4.339041190425845,
    4.321064592277916,
    4.348035911573981,
    4.344773184644045,
    4.326426059660251,
    4.334407386988619,
    4.333367421679253,
    4.33385403486934,
    4.309074413167299,
    4.346495255936671,
    4.366030349348583
  ],
  "val_cls_rel_loss": [
    0.4553257749028449,
    0.4216679147560231,
    0.3932453250362925,
    0.3422032877476546,
    0.3131902344035406,
    0.28034074550127464,
    0.2639873599919089,
    0.2564464663937144,
    0.25644875138345424,
    0.2641175667734912,
    0.2532223985142951,
    0.2427283042538775,
    0.23992731427624278,
    0.23833496096360424,
    0.23986962763932498,
    0.23643167219022765,
    0.24312052565769557,
    0.23846472701887145,
    0.23998485864513983,
    0.23542456492020267
  ],
  "loss": [
    13.774118158552382,
    14.391434563530815,
    12.414401796129015,
    12.452283435397678,
    12.599537902408176,
    11.80238119761149,
    15.422736909654406,
    13.520169470045301,
    12.486466672685411,
    11.872677952105645,
    12.673591242896187,
    11.879486507839626,
    12.419934537675646,
    12.857303248511421,
    11.917991108364529,
    10.783254888322618,
    13.709110021591187,
    11.166400644514296,
    11.829424328274197,
    12.593680832121107
  ],
  "crf_ner_loss": [
    9.44224182764689,
    9.721958584255642,
    8.338009569380018,
    8.426005283991495,
    8.55139226383633,
    8.021390702989367,
    10.54382954703437,
    9.212770409054226,
    8.513386329015097,
    8.10128795533991,
    8.674006409115261,
    8.127701388465034,
    8.50323814815945,
    8.788895103666517,
    8.163964536454943,
    7.348796447118123,
    9.401966942681206,
    7.633126152886285,
    8.086160898208618,
    8.6165079275767
  ],
  "crf_term_loss": [
    3.892859763569302,
    4.309103541904026,
    3.7816480265723333,
    3.7280285490883722,
    3.790961265563965,
    3.538855208290948,
    4.651935312483046,
    4.079206003083123,
    3.770048565334744,
    3.5802190727681955,
    3.8085707426071167,
    3.56903256310357,
    3.7242375877168445,
    3.8705077038870916,
    3.5885711246066623,
    3.2645195060306125,
    4.126997801992628,
    3.3733496136135526,
    3.5691614283455744,
    3.8064297437667847
  ],
  "cls_rel_loss": [
    0.43901652925544316,
    0.3603723694880803,
    0.29474418196413255,
    0.29824961970249814,
    0.2571844566199515,
    0.24213523831632403,
    0.22697221653329003,
    0.2281930512852139,
    0.20303168065018123,
    0.19117092780455594,
    0.19101394216219583,
    0.18275263408819833,
    0.19245871818727917,
    0.19790057258473503,
    0.16545550607972676,
    0.16993894593583214,
    0.18014505836698744,
    0.15992481178707546,
    0.17410197026199764,
    0.17074299852053323
  ],
  "f1_ner": [
    0,
    0,
    0,
    0,
    0,
    0.03489640130861505,
    0.2111237230419977,
    0.2951269732326699,
    0.34801624492346145,
    0.4203262233375157,
    0.4384251968503937,
    0.41350210970464135,
    0.44039530574428665,
    0.4642416769420469,
    0.4575202641849294,
    0.4778384942319369,
    0.5148272699480281,
    0.5514018691588785,
    0.548983924780103,
    0.5857970131057604
  ],
  "f1_term": [
    0,
    0,
    0,
    0.012371134020618556,
    0.031862745098039214,
    0.1641949152542373,
    0.24483917426788285,
    0.34651447207501024,
    0.3886328725038403,
    0.4071246819338422,
    0.454308093994778,
    0.44039603960396045,
    0.4196141479099679,
    0.46090225563909765,
    0.46907817969661614,
    0.4589409056024559,
    0.4684684684684685,
    0.48030303030303034,
    0.46465481603968584,
    0.45304347826086955
  ],
  "f1_rel": [
    0.0,
    0.0,
    0.021929824561403508,
    0.33200531208499334,
    0.33602347762289064,
    0.4579710144927536,
    0.4822411205602801,
    0.48416112631990615,
    0.5049739459971578,
    0.4720161834120027,
    0.5206316861946001,
    0.5142371440713982,
    0.5310245310245311,
    0.5103503184713376,
    0.5349716446124764,
    0.5289183222958057,
    0.526984126984127,
    0.5301629238221048,
    0.5345402572653645,
    0.5360339142722562
  ]
}