{
  "val_loss": [
    15.560061750620822,
    15.198520618633632,
    14.928212701839252,
    14.76241027873798,
    14.577161350389467,
    14.43750627893601,
    14.335392321983393,
    14.248672032878346,
    14.169491339774027,
    14.134371740104509,
    14.109744851606605,
    14.076229311253902,
    14.025057542063024,
    13.95655904199085,
    13.93107981577407,
    13.928269602086422,
    13.899771871357938,
    13.900357114137524,
    13.896165350057784,
    13.877817710820775
  ],
  "val_crf_ner_loss": [
    10.219653251397348,
    10.098720501809225,
    9.958176167341914,
    9.874341665393244,
    9.767085399070796,
    9.673909403111812,
    9.601754004067748,
    9.550206334051424,
    9.51067601503247,
    9.47610334758341,
    9.441108084073031,
    9.408538179676029,
    9.383817965096801,
    9.359742932076001,
    9.336562083585418,
    9.317142190724393,
    9.292585501705643,
    9.276182639337804,
    9.257388033135964,
    9.246109692719731
  ],
  "val_crf_term_loss": [
    4.834240241642416,
    4.648429468600419,
    4.5732383902055505,
    4.516334484963521,
    4.478528411719051,
    4.4633757284958,
    4.454988237715115,
    4.43272578629264,
    4.3926376635140745,
    4.3935526531108104,
    4.409738464077024,
    4.402429541532141,
    4.3899574227576705,
    4.346859073116832,
    4.343606795707759,
    4.366590955831708,
    4.348387460639007,
    4.360796211409743,
    4.384082302559901,
    4.375795293028337
  ],
  "val_cls_rel_loss": [
    0.5061685951956867,
    0.45137060819751157,
    0.39679846711402394,
    0.3717341934242388,
    0.3315476359677141,
    0.3002214940795063,
    0.27864985352885113,
    0.2657397724416134,
    0.2661778715840221,
    0.2647157968395818,
    0.25889818859796454,
    0.26526164660488605,
    0.2512820189016579,
    0.24995723257969765,
    0.2509109221235679,
    0.2445363311001854,
    0.2587989359876535,
    0.26337817289533405,
    0.2546948533858696,
    0.255912614564826
  ],
  "loss": [
    14.61849053700765,
    14.341292593214247,
    13.449421485265097,
    13.711050351460775,
    13.33203911781311,
    14.043683263990614,
    13.471335539550505,
    10.864235109753078,
    11.57474003897773,
    12.72979211807251,
    13.497358322143555,
    13.330087608761257,
    10.935200108422173,
    13.672428343031141,
    11.906590170330471,
    12.97074524561564,
    13.465459373262194,
    11.405402104059855,
    11.414863692389595,
    13.860608206854927
  ],
  "crf_ner_loss": [
    10.024742497338188,
    9.808199167251587,
    9.17795599831475,
    9.378151390287611,
    9.157547314961752,
    9.638826052347818,
    9.256209160061468,
    7.41835814052158,
    7.915637572606404,
    8.73153993818495,
    9.285651869244045,
    9.17171483569675,
    7.4790145556132,
    9.416304641299778,
    8.182677851782906,
    8.915461487240261,
    9.277238872316149,
    7.84924070040385,
    7.842244174745348,
    9.544105344348484
  ],
  "crf_term_loss": [
    4.184552060233222,
    4.236886435084873,
    3.9921832614474826,
    4.080903225474888,
    3.9552657339307995,
    4.180516984727648,
    4.0231675560608045,
    3.244785295592414,
    3.47707642449273,
    3.82661145263248,
    4.041120608647664,
    3.995752837922838,
    3.2752224736743503,
    4.106093181504144,
    3.573321567641364,
    3.8990012539757624,
    4.026697039604187,
    3.416629751523336,
    3.435810407002767,
    4.17823080221812
  ],
  "cls_rel_loss": [
    0.4091958983076943,
    0.2962071845928828,
    0.2792823016643524,
    0.2519957605335448,
    0.21922588100035986,
    0.22434028486410776,
    0.19195865938072826,
    0.20109177629152933,
    0.1820261784725719,
    0.17164075954092872,
    0.1705858620504538,
    0.16262009574307335,
    0.18096306009425056,
    0.15003018039796087,
    0.1505906908876366,
    0.15628258718384636,
    0.16152334958314896,
    0.13953178748488426,
    0.13680922778116333,
    0.13827224034402105
  ],
  "f1_ner": [
    0,
    0,
    0,
    0,
    0,
    0,
    0.09342039176293321,
    0.23877245508982034,
    0.27753743760399335,
    0.33240826395312983,
    0.35988926484158723,
    0.40727957326639475,
    0.43491767629698663,
    0.4515727187791965,
    0.47516198704103674,
    0.4880147510755992,
    0.5033313143549364,
    0.5406713032960387,
    0.5773386847792529,
    0.5676408556794216
  ],
  "f1_term": [
    0,
    0,
    0,
    0.026195153896529145,
    0.022696929238985312,
    0.02976995940460081,
    0.06107862248213125,
    0.09577114427860696,
    0.1713106295149639,
    0.1515837104072398,
    0.19556566230812963,
    0.2764673614920461,
    0.33554987212276216,
    0.3736749116607773,
    0.40602836879432624,
    0.40456621004566207,
    0.37316176470588236,
    0.4014665444546288,
    0.3829145728643216,
    0.3892750744786495
  ],
  "f1_rel": [
    0.0,
    0.0,
    0.18351741716227699,
    0.13408876298394712,
    0.3236009732360097,
    0.4169435215946844,
    0.4675767918088737,
    0.49005424954792043,
    0.49172576832151305,
    0.484920634920635,
    0.5080605764533463,
    0.5076190476190476,
    0.5099601593625498,
    0.5114813147230977,
    0.5275800711743772,
    0.5264562027567808,
    0.5272895467160038,
    0.5261277355962483,
    0.5267175572519084,
    0.5167381974248927
  ]
}