{
  "val_loss": [
    15.306641902366694,
    15.042658109734528,
    14.795818607302477,
    14.584950283496049,
    14.394110787523925,
    14.255739225958386,
    14.164243760770255,
    14.137172246501393,
    14.080310233318023,
    14.049288850631157,
    14.02976872451114,
    13.996645008560515,
    13.980261840959535,
    13.906668586452511,
    13.882483565894356,
    13.853441899710328,
    13.849666007243805,
    13.845745034461475,
    13.84033148828214,
    13.828993919121958
  ],
  "val_crf_ner_loss": [
    10.179265474751048,
    10.043699243642989,
    9.923970991677612,
    9.836708949430145,
    9.719806316125132,
    9.621729506193287,
    9.55211119408155,
    9.498757943619777,
    9.456595173717416,
    9.423575042808142,
    9.385379902637787,
    9.355232050819119,
    9.325942982722372,
    9.298630756183263,
    9.275649088142561,
    9.254051436472983,
    9.23482991657118,
    9.215824550085694,
    9.198109381390314,
    9.182131440100008
  ],
  "val_crf_term_loss": [
    4.671246752251673,
    4.57184866223022,
    4.476384692818579,
    4.407624631032457,
    4.366995337235666,
    4.35402491841003,
    4.343721061727426,
    4.361948605871548,
    4.3563378918780025,
    4.362649926303947,
    4.3731948650666395,
    4.35985640365712,
    4.381443203800786,
    4.352832631473124,
    4.339751877053811,
    4.341339300148679,
    4.358653155556561,
    4.359652560992832,
    4.372136675528366,
    4.3623544021244465
  ],
  "val_cls_rel_loss": [
    0.4561298232879082,
    0.4271101664452657,
    0.3954628490618546,
    0.3406165485834553,
    0.30730924684635913,
    0.27998500235759427,
    0.2684112626270656,
    0.27646549187437464,
    0.2673768344586783,
    0.2630639115389246,
    0.2711937366610896,
    0.281556635007371,
    0.27287577299305993,
    0.2552053850062572,
    0.2670827434010749,
    0.2580512653302102,
    0.256182986454372,
    0.27026793295449586,
    0.27008531084896004,
    0.28450773623737974
  ],
  "loss": [
    15.920522318945991,
    13.881403605143229,
    12.834873729281956,
    13.6692902247111,
    12.600719372431437,
    12.986258601283168,
    11.131797234217325,
    13.704814672470093,
    12.474782625834147,
    11.845379405551487,
    11.576560126410591,
    11.635441780090332,
    12.080799765057034,
    11.813847488827175,
    12.965235789616903,
    12.230138242566907,
    12.502909898757935,
    10.988551060358683,
    11.558308256997002,
    13.05678653717041
  ],
  "crf_ner_loss": [
    10.881182750066122,
    9.359860526190865,
    8.679235590828789,
    9.297689967685276,
    8.610439909829033,
    8.865547386375633,
    7.59329620997111,
    9.416977140638563,
    8.569731341467964,
    8.123502784305149,
    7.958593474494086,
    7.999330202738444,
    8.305920865800646,
    8.111208279927572,
    8.909902466668022,
    8.394614818504264,
    8.570446650187174,
    7.536865048938328,
    7.957949611875746,
    8.97955232196384
  ],
  "crf_term_loss": [
    4.581177380349901,
    4.165997862815857,
    3.8244167963663735,
    4.078730463981628,
    3.724459065331353,
    3.878411543047106,
    3.3286119302113852,
    4.087668829494053,
    3.7150493462880454,
    3.5420625077353582,
    3.44372550646464,
    3.4736204544703164,
    3.614070773124695,
    3.540180484453837,
    3.8869136969248452,
    3.6883367980922666,
    3.7575049135420056,
    3.3086028363969593,
    3.4650114244884915,
    3.9322578509648642
  ],
  "cls_rel_loss": [
    0.4581620726320479,
    0.3555451300409105,
    0.331221310628785,
    0.292869889901744,
    0.26582033766640556,
    0.242299513424839,
    0.20988918426964018,
    0.200168923371368,
    0.1900018552939097,
    0.17981407543023428,
    0.1742411951224009,
    0.16249102561010254,
    0.1608082718319363,
    0.1624588444828987,
    0.16841955731312433,
    0.14718659972553855,
    0.1749581429693434,
    0.14308320565356147,
    0.13534731169541678,
    0.1449763754175769
  ],
  "f1_ner": [
    0,
    0,
    0,
    0,
    0,
    0.11037974683544302,
    0.2501067008109262,
    0.32849503437738736,
    0.35230155853570133,
    0.38848920863309355,
    0.4432055749128919,
    0.46390374331550804,
    0.4817853626517886,
    0.48552338530066813,
    0.5102491327656891,
    0.5284909204758923,
    0.5469871995004683,
    0.5596502186133666,
    0.5792048929663608,
    0.5804651162790697
  ],
  "f1_term": [
    0,
    0,
    0.002865329512893983,
    0.10577507598784194,
    0.17256857855361596,
    0.22568807339449543,
    0.22255489021956087,
    0.2677982083922678,
    0.3410721823554242,
    0.29727187206020694,
    0.339845524761472,
    0.3314447592067989,
    0.3175675675675676,
    0.3906442347148133,
    0.40390879478827363,
    0.4143556280587276,
    0.3666361136571953,
    0.41659886086248976,
    0.3959899749373434,
    0.4118860916219563
  ],
  "f1_rel": [
    0.0,
    0.01956521739130435,
    0.246684350132626,
    0.33617539585870887,
    0.43018867924528303,
    0.46159754224270355,
    0.48831664282308057,
    0.4640804597701149,
    0.506631299734748,
    0.496661101836394,
    0.5034542314335062,
    0.5274201239866476,
    0.5121555915721232,
    0.5273200346921075,
    0.5280135823429541,
    0.524239934264585,
    0.5397429795335554,
    0.5193508114856429,
    0.5202922077922078,
    0.5338645418326694
  ]
}