{
  "val_loss": [
    15.460184420982417,
    15.161984523717503,
    14.936367563957715,
    14.725086003324412,
    14.510395241479804,
    14.395290764578938,
    14.267164665417079,
    14.181500302614086,
    14.171961067366775,
    14.106167988185465,
    14.086858853806545,
    14.072026287552214,
    14.076566139276881,
    14.018044516988045,
    13.988651630652212,
    13.960662183970431,
    13.938966883360035,
    13.913649033455954,
    13.910124110479424,
    13.869695235342874
  ],
  "val_crf_ner_loss": [
    10.199697383128814,
    10.083496295622666,
    9.94450879271013,
    9.855949227827308,
    9.73842938276973,
    9.634394315037413,
    9.559409541805294,
    9.512029494682368,
    9.471644545993666,
    9.43542481512919,
    9.401482030423018,
    9.367366672432336,
    9.339088732308715,
    9.314085709787634,
    9.286627612844871,
    9.263348816085037,
    9.24365558589462,
    9.225789719254431,
    9.209065501707313,
    9.194099276605314
  ],
  "val_crf_term_loss": [
    4.742909342703158,
    4.616522654999781,
    4.564288282046353,
    4.497935996438465,
    4.441250149350967,
    4.451341837862112,
    4.4223442190755025,
    4.393130240649202,
    4.419016629239938,
    4.39529559908122,
    4.4149580123650765,
    4.438811211690416,
    4.446228758262022,
    4.429630410062136,
    4.426693670941095,
    4.4183199945157465,
    4.428497227439045,
    4.410060790333435,
    4.4143280843748665,
    4.412945790882528
  ],
  "val_cls_rel_loss": [
    0.5175777569304417,
    0.46196557396519794,
    0.42757057273474924,
    0.37120071379807745,
    0.33071577788269435,
    0.3095548035454576,
    0.28541072615741814,
    0.27634058468533257,
    0.2812999288966186,
    0.2754476831777252,
    0.2704189241367535,
    0.2658482807396102,
    0.29124856517262704,
    0.2743286211995313,
    0.2753303407752601,
    0.27899335553176213,
    0.266814230132277,
    0.27779845469189385,
    0.28673068667850354,
    0.2626502948955898
  ],
  "loss": [
    14.59904236263699,
    12.611399491628012,
    15.438936975267199,
    14.191000037723118,
    11.784674988852608,
    12.994864675733778,
    11.057781828774345,
    12.376595217964866,
    12.690833621554905,
    11.713350666893852,
    11.82654725180732,
    11.204392910003662,
    11.954006221559313,
    10.954437070422703,
    13.982173336876762,
    12.04396136601766,
    11.015365600585938,
    11.413337892956203,
    12.705077145316384,
    13.611820167965359
  ],
  "crf_ner_loss": [
    10.024614625506931,
    8.451892269982231,
    10.488643487294516,
    9.629562430911594,
    8.00207069185045,
    8.883967320124308,
    7.5286186536153155,
    8.445021071000532,
    8.713414510091146,
    8.015736977259317,
    8.103731155395508,
    7.680605385038588,
    8.190177864498562,
    7.485873328314887,
    9.600167089038425,
    8.263499869240654,
    7.5308056937323675,
    7.812866104973687,
    8.713592638535934,
    9.331295702192518
  ],
  "crf_term_loss": [
    4.066555645730761,
    3.7868539094924927,
    4.645345701111688,
    4.26980737845103,
    3.522216174337599,
    3.8760085238350763,
    3.3056327369478016,
    3.7103496685895054,
    3.7830769618352256,
    3.512873821788364,
    3.5438381698396473,
    3.3415600193871393,
    3.5841565794414945,
    3.292711708280775,
    4.208341704474555,
    3.626237074534098,
    3.3369742234547934,
    3.4369104173448353,
    3.843260275667364,
    4.121833536359999
  ],
  "cls_rel_loss": [
    0.507872020204862,
    0.3726533436112934,
    0.3049478116962645,
    0.29163040551874375,
    0.2603880564371745,
    0.23488891621430716,
    0.2235305839114719,
    0.2212243409861218,
    0.1943421405222681,
    0.18473998001880115,
    0.17897798410720295,
    0.18222744597329033,
    0.17967180328236687,
    0.17585186494721305,
    0.17366446223523882,
    0.1542244487338596,
    0.1475856527686119,
    0.16356115208731759,
    0.14822417775338345,
    0.1586909203065766
  ],
  "f1_ner": [
    0,
    0,
    0,
    0,
    0,
    0.009994447529150473,
    0.13193717277486908,
    0.25765220316178944,
    0.34186851211072666,
    0.35411954765751213,
    0.3989586723071917,
    0.45044451761606846,
    0.44326351984995316,
    0.49795404469625426,
    0.5030902348578492,
    0.5313949891741417,
    0.563221979394318,
    0.5669975186104218,
    0.5832813474734873,
    0.5905875115349123
  ],
  "f1_term": [
    0,
    0,
    0.006901311249137337,
    0.05830164765525982,
    0.23882063882063884,
    0.3144940747493163,
    0.325078793336335,
    0.37758346581876,
    0.42082799829278694,
    0.39687364307425094,
    0.41820523829969947,
    0.4450843274372686,
    0.3897294818890417,
    0.44997924449979243,
    0.44399018806214224,
    0.4506148353827846,
    0.3978102189781022,
    0.4520272982737857,
    0.4560570071258908,
    0.43923240938166314
  ],
  "f1_rel": [
    0.0,
    0.0,
    0.010857763300760043,
    0.2068376068376068,
    0.4027972027972028,
    0.43374797187669006,
    0.478391959798995,
    0.46590909090909094,
    0.4972477064220183,
    0.5087548638132297,
    0.4982269503546099,
    0.5109637939826619,
    0.4993641373463332,
    0.4864207539521686,
    0.5070040668775418,
    0.5211459754433833,
    0.5213675213675214,
    0.5127982646420824,
    0.5236768802228412,
    0.5277516462841016
  ]
}